<?xml version="1.0" encoding="utf-8"?>
<ExtensionDefinition xmlns:xsd="http://www.w3.org/2001/XMLSchema" xmlns:xsi="http://www.w3.org/2001/XMLSchema-instance" xmlns="http://www.hummingbird-alm.com/testframework/201610">
  <Id>a9be7364-4927-4ee1-a39b-8c262d0132c4</Id>
  <Name>OAuth2 Specification</Name>
  <Version Major="1" Minor="0" Build="7051" />
  <MinFrameworkVersion Major="1" Minor="2" Build="1109" />
  <MaxFrameworkVersion Major="1" Minor="99" Build="99999" />
  <Company>Huaxing YUAN</Company>
  <Description>oAuth2 Specification implementation</Description>
  <Copyright>Copyright 2019 Huaxing YUAN, All rights reserved.</Copyright>
  <MainDllFile>Hummingbird.Extension.OAuth2.dll</MainDllFile>
  <AdditionalFiles>
    <File>Hummingbird.Extension.OAuth2.pdb</File>
  </AdditionalFiles>
  <ProfessionalOnly>false</ProfessionalOnly>
</ExtensionDefinition>