<?xml version="1.0" encoding="utf-8"?>
<ExtensionDefinition xmlns:xsd="http://www.w3.org/2001/XMLSchema" xmlns:xsi="http://www.w3.org/2001/XMLSchema-instance" xmlns="http://www.hummingbird-alm.com/testframework/201610">
  <Id>d353daa8-dd3e-4c90-a47e-5d80f510b244</Id>
  <Name>Microsoft Bot Service</Name>
  <Version Major="1" Minor="0" Build="7078" />
  <MinFrameworkVersion Major="1" Minor="2" Build="0" />
  <MaxFrameworkVersion Major="1" Minor="99" Build="99999" />
  <Company>Huaxing YUAN</Company>
  <Description>Microsoft Bot Service API definition provided from BotFramework SDK</Description>
  <Copyright>Copyright 2019 Huaxing YUAN, All rights reserved.</Copyright>
  <MainDllFile>Hummingbird.Extension.Bot.dll</MainDllFile>
  <AdditionalFiles>
    <File>Hummingbird.Extension.Bot.pdb</File>
  </AdditionalFiles>
  <ProfessionalOnly>false</ProfessionalOnly>
</ExtensionDefinition>