<?xml version="1.0" encoding="utf-8"?>
<ExtensionDefinition xmlns:xsd="http://www.w3.org/2001/XMLSchema" xmlns:xsi="http://www.w3.org/2001/XMLSchema-instance" xmlns="http://www.hummingbird-alm.com/testframework/201610">
  <Id>2fbd3e63-45d3-4688-8f33-88ae0b5df9be</Id>
  <Name>Swagger Pet store</Name>
  <Version Major="1" Minor="1" Build="7068" />
  <MinFrameworkVersion Major="1" Minor="2" Build="0" />
  <MaxFrameworkVersion Major="1" Minor="99" Build="99999" />
  <Company>Huaxing YUAN</Company>
  <Description>Extension to test REST API using Swagger</Description>
  <Copyright>Copyright 2018 Huaxing YUAN, All rights reserved.</Copyright>
  <MainDllFile>Hummingbird.Extension.PetStore.dll</MainDllFile>
  <AdditionalFiles>
    <File>Hummingbird.Extension.PetStore.pdb</File>
  </AdditionalFiles>
  <ProfessionalOnly>false</ProfessionalOnly>
</ExtensionDefinition>